mu_g,b,Γ_sch/Γ0,Γ_total/Γ0,Γ_inst,m
0.01,0.0,63.929799258245076,63.929799258245076,0.0,9.10999999999999e-31
0.01,0.0,2832323405538321.0,2832323405538321.0,0.0,2.6649528724626883e-30
0.01,0.0,1.6994690212841012e+132,1.6994690212841012e+132,0.0,7.795800013663226e-30
0.01,0.0,0.0,0.0,0.0,2.2805092908404498e-29
0.01,0.0,0.0,0.0,0.0,6.671185274756434e-29
0.01,0.0,0.0,0.0,0.0,1.951525176804936e-28
0.01,0.0,0.0,0.0,0.0,5.708806394741622e-28
0.01,0.0,0.0,0.0,0.0,1.670000000000007e-27
0.01,2.2222222222222223,55.290209546753104,55.290209546753104,0.0,9.10999999999999e-31
0.01,2.2222222222222223,2449558052948060.5,2449558052948060.5,0.0,2.6649528724626883e-30
0.01,2.2222222222222223,1.4697996770714835e+132,1.4697996770714835e+132,0.0,7.795800013663226e-30
0.01,2.2222222222222223,0.0,0.0,0.0,2.2805092908404498e-29
0.01,2.2222222222222223,0.0,0.0,0.0,6.671185274756434e-29
0.01,2.2222222222222223,0.0,0.0,0.0,1.951525176804936e-28
0.01,2.2222222222222223,0.0,0.0,0.0,5.708806394741622e-28
0.01,2.2222222222222223,0.0,0.0,0.0,1.670000000000007e-27
0.01,4.444444444444445,48.29058059195649,48.29058059195649,0.0,9.10999999999999e-31
0.01,4.444444444444445,2139448946572330.2,2139448946572330.2,0.0,2.6649528724626883e-30
0.01,4.444444444444445,1.283726003961586e+132,1.283726003961586e+132,0.0,7.795800013663226e-30
0.01,4.444444444444445,0.0,0.0,0.0,2.2805092908404498e-29
0.01,4.444444444444445,0.0,0.0,0.0,6.671185274756434e-29
0.01,4.444444444444445,0.0,0.0,0.0,1.951525176804936e-28
0.01,4.444444444444445,0.0,0.0,0.0,5.708806394741622e-28
0.01,4.444444444444445,0.0,0.0,0.0,1.670000000000007e-27
0.01,6.666666666666667,42.54066435487387,42.54066435487387,0.0,9.10999999999999e-31
0.01,6.666666666666667,1884706674155862.5,1884706674155862.5,0.0,2.6649528724626883e-30
0.01,6.666666666666667,1.1308738969116783e+132,1.1308738969116783e+132,0.0,7.795800013663226e-30
0.01,6.666666666666667,0.0,0.0,0.0,2.2805092908404498e-29
0.01,6.666666666666667,0.0,0.0,0.0,6.671185274756434e-29
0.01,6.666666666666667,0.0,0.0,0.0,1.951525176804936e-28
0.01,6.666666666666667,0.0,0.0,0.0,5.708806394741622e-28
0.01,6.666666666666667,0.0,0.0,0.0,1.670000000000007e-27
0.01,8.88888888888889,37.75974660509873,37.75974660509873,0.0,9.10999999999999e-31
0.01,8.88888888888889,1672894570883923.8,1672894570883923.8,0.0,2.6649528724626883e-30
0.01,8.88888888888889,1.0037810278064738e+132,1.0037810278064738e+132,0.0,7.795800013663226e-30
0.01,8.88888888888889,0.0,0.0,0.0,2.2805092908404498e-29
0.01,8.88888888888889,0.0,0.0,0.0,6.671185274756434e-29
0.01,8.88888888888889,0.0,0.0,0.0,1.951525176804936e-28
0.01,8.88888888888889,0.0,0.0,0.0,5.708806394741622e-28
0.01,8.88888888888889,0.0,0.0,0.0,1.670000000000007e-27
0.01,11.11111111111111,33.74172352550373,33.74172352550373,0.0,9.10999999999999e-31
0.01,11.11111111111111,1494881485525105.5,1494881485525105.5,0.0,2.6649528724626883e-30
0.01,11.11111111111111,8.969684641850486e+131,8.969684641850486e+131,0.0,7.795800013663226e-30
0.01,11.11111111111111,0.0,0.0,0.0,2.2805092908404498e-29
0.01,11.11111111111111,0.0,0.0,0.0,6.671185274756434e-29
0.01,11.11111111111111,0.0,0.0,0.0,1.951525176804936e-28
0.01,11.11111111111111,0.0,0.0,0.0,5.708806394741622e-28
0.01,11.11111111111111,0.0,0.0,0.0,1.670000000000007e-27
0.01,13.333333333333334,30.332510928067016,30.332510928067016,0.0,9.10999999999999e-31
0.01,13.333333333333334,1343840926252103.8,1343840926252103.8,0.0,2.6649528724626883e-30
0.01,13.333333333333334,8.063401302384509e+131,8.063401302384509e+131,0.0,7.795800013663226e-30
0.01,13.333333333333334,0.0,0.0,0.0,2.2805092908404498e-29
0.01,13.333333333333334,0.0,0.0,0.0,6.671185274756434e-29
0.01,13.333333333333334,0.0,0.0,0.0,1.951525176804936e-28
0.01,13.333333333333334,0.0,0.0,0.0,5.708806394741622e-28
0.01,13.333333333333334,0.0,0.0,0.0,1.670000000000007e-27
0.01,15.555555555555557,27.415048797979033,27.415048797979033,0.0,9.10999999999999e-31
0.01,15.555555555555557,1214586707222874.0,1214586707222874.0,0.0,2.6649528724626883e-30
0.01,15.555555555555557,7.287841771714685e+131,7.287841771714685e+131,0.0,7.795800013663226e-30
0.01,15.555555555555557,0.0,0.0,0.0,2.2805092908404498e-29
0.01,15.555555555555557,0.0,0.0,0.0,6.671185274756434e-29
0.01,15.555555555555557,0.0,0.0,0.0,1.951525176804936e-28
0.01,15.555555555555557,0.0,0.0,0.0,5.708806394741622e-28
0.01,15.555555555555557,0.0,0.0,0.0,1.670000000000007e-27
0.01,17.77777777777778,24.899116936022075,24.899116936022075,0.0,9.10999999999999e-31
0.01,17.77777777777778,1103121744372372.8,1103121744372372.8,0.0,2.6649528724626883e-30
0.01,17.77777777777778,6.619022487332837e+131,6.619022487332837e+131,0.0,7.795800013663226e-30
0.01,17.77777777777778,0.0,0.0,0.0,2.2805092908404498e-29
0.01,17.77777777777778,0.0,0.0,0.0,6.671185274756434e-29
0.01,17.77777777777778,0.0,0.0,0.0,1.951525176804936e-28
0.01,17.77777777777778,0.0,0.0,0.0,5.708806394741622e-28
0.01,17.77777777777778,0.0,0.0,0.0,1.670000000000007e-27
0.01,20.0,22.714275186630452,22.714275186630452,0.0,9.10999999999999e-31
0.01,20.0,1006325281752460.9,1006325281752460.9,0.0,2.6649528724626883e-30
0.01,20.0,6.038218087415947e+131,6.038218087415947e+131,0.0,7.795800013663226e-30
0.01,20.0,0.0,0.0,0.0,2.2805092908404498e-29
0.01,20.0,0.0,0.0,0.0,6.671185274756434e-29
0.01,20.0,0.0,0.0,0.0,1.951525176804936e-28
0.01,20.0,0.0,0.0,0.0,5.708806394741622e-28
0.01,20.0,0.0,0.0,0.0,1.670000000000007e-27
0.12,0.0,63.92980848876274,63.92980848876274,0.0,9.10999999999999e-31
0.12,0.0,2832326905055321.5,2832326905055321.5,0.0,2.6649528724626883e-30
0.12,0.0,1.6994869902406753e+132,1.6994869902406753e+132,0.0,7.795800013663226e-30
0.12,0.0,0.0,0.0,0.0,2.2805092908404498e-29
0.12,0.0,0.0,0.0,0.0,6.671185274756434e-29
0.12,0.0,0.0,0.0,0.0,1.951525176804936e-28
0.12,0.0,0.0,0.0,0.0,5.708806394741622e-28
0.12,0.0,0.0,0.0,0.0,1.670000000000007e-27
0.12,2.2222222222222223,55.29021752984177,55.29021752984177,0.0,9.10999999999999e-31
0.12,2.2222222222222223,2449561079533948.5,2449561079533948.5,0.0,2.6649528724626883e-30
0.12,2.2222222222222223,1.469815217670482e+132,1.469815217670482e+132,0.0,7.795800013663226e-30
0.12,2.2222222222222223,0.0,0.0,0.0,2.2805092908404498e-29
0.12,2.2222222222222223,0.0,0.0,0.0,6.671185274756434e-29
0.12,2.2222222222222223,0.0,0.0,0.0,1.951525176804936e-28
0.12,2.2222222222222223,0.0,0.0,0.0,5.708806394741622e-28
0.12,2.2222222222222223,0.0,0.0,0.0,1.670000000000007e-27
0.12,4.444444444444445,48.290587564402244,48.290587564402244,0.0,9.10999999999999e-31
0.12,4.444444444444445,2139451589998552.8,2139451589998552.8,0.0,2.6649528724626883e-30
0.12,4.444444444444445,1.2837395771521116e+132,1.2837395771521116e+132,0.0,7.795800013663226e-30
0.12,4.444444444444445,0.0,0.0,0.0,2.2805092908404498e-29
0.12,4.444444444444445,0.0,0.0,0.0,6.671185274756434e-29
0.12,4.444444444444445,0.0,0.0,0.0,1.951525176804936e-28
0.12,4.444444444444445,0.0,0.0,0.0,5.708806394741622e-28
0.12,4.444444444444445,0.0,0.0,0.0,1.670000000000007e-27
0.12,6.666666666666667,42.540670497116736,42.540670497116736,0.0,9.10999999999999e-31
0.12,6.666666666666667,1884709002831689.0,1884709002831689.0,0.0,2.6649528724626883e-30
0.12,6.666666666666667,1.1308858539545487e+132,1.1308858539545487e+132,0.0,7.795800013663226e-30
0.12,6.666666666666667,0.0,0.0,0.0,2.2805092908404498e-29
0.12,6.666666666666667,0.0,0.0,0.0,6.671185274756434e-29
0.12,6.666666666666667,0.0,0.0,0.0,1.951525176804936e-28
0.12,6.666666666666667,0.0,0.0,0.0,5.708806394741622e-28
0.12,6.666666666666667,0.0,0.0,0.0,1.670000000000007e-27
0.12,8.88888888888889,37.75975205704777,37.75975205704777,0.0,9.10999999999999e-31
0.12,8.88888888888889,1672896637852328.2,1672896637852328.2,0.0,2.6649528724626883e-30
0.12,8.88888888888889,1.003791641061245e+132,1.003791641061245e+132,0.0,7.795800013663226e-30
0.12,8.88888888888889,0.0,0.0,0.0,2.2805092908404498e-29
0.12,8.88888888888889,0.0,0.0,0.0,6.671185274756434e-29
0.12,8.88888888888889,0.0,0.0,0.0,1.951525176804936e-28
0.12,8.88888888888889,0.0,0.0,0.0,5.708806394741622e-28
0.12,8.88888888888889,0.0,0.0,0.0,1.670000000000007e-27
0.12,11.11111111111111,33.74172839730966,33.74172839730966,0.0,9.10999999999999e-31
0.12,11.11111111111111,1494883332546940.2,1494883332546940.2,0.0,2.6649528724626883e-30
0.12,11.11111111111111,8.969779480810062e+131,8.969779480810062e+131,0.0,7.795800013663226e-30
0.12,11.11111111111111,0.0,0.0,0.0,2.2805092908404498e-29
0.12,11.11111111111111,0.0,0.0,0.0,6.671185274756434e-29
0.12,11.11111111111111,0.0,0.0,0.0,1.951525176804936e-28
0.12,11.11111111111111,0.0,0.0,0.0,5.708806394741622e-28
0.12,11.11111111111111,0.0,0.0,0.0,1.670000000000007e-27
0.12,13.333333333333334,30.332515307633056,30.332515307633056,0.0,9.10999999999999e-31
0.12,13.333333333333334,1343842586653651.8,1343842586653651.8,0.0,2.6649528724626883e-30
0.12,13.333333333333334,8.063486558959373e+131,8.063486558959373e+131,0.0,7.795800013663226e-30
0.12,13.333333333333334,0.0,0.0,0.0,2.2805092908404498e-29
0.12,13.333333333333334,0.0,0.0,0.0,6.671185274756434e-29
0.12,13.333333333333334,0.0,0.0,0.0,1.951525176804936e-28
0.12,13.333333333333334,0.0,0.0,0.0,5.708806394741622e-28
0.12,13.333333333333334,0.0,0.0,0.0,1.670000000000007e-27
0.12,15.555555555555557,27.415052756306686,27.415052756306686,0.0,9.10999999999999e-31
0.12,15.555555555555557,1214588207922555.0,1214588207922555.0,0.0,2.6649528724626883e-30
0.12,15.555555555555557,7.287918828083866e+131,7.287918828083866e+131,0.0,7.795800013663226e-30
0.12,15.555555555555557,0.0,0.0,0.0,2.2805092908404498e-29
0.12,15.555555555555557,0.0,0.0,0.0,6.671185274756434e-29
0.12,15.555555555555557,0.0,0.0,0.0,1.951525176804936e-28
0.12,15.555555555555557,0.0,0.0,0.0,5.708806394741622e-28
0.12,15.555555555555557,0.0,0.0,0.0,1.670000000000007e-27
0.12,17.77777777777778,24.89912053108637,24.89912053108637,0.0,9.10999999999999e-31
0.12,17.77777777777778,1103123107349951.8,1103123107349951.8,0.0,2.6649528724626883e-30
0.12,17.77777777777778,6.619092472090516e+131,6.619092472090516e+131,0.0,7.795800013663226e-30
0.12,17.77777777777778,0.0,0.0,0.0,2.2805092908404498e-29
0.12,17.77777777777778,0.0,0.0,0.0,6.671185274756434e-29
0.12,17.77777777777778,0.0,0.0,0.0,1.951525176804936e-28
0.12,17.77777777777778,0.0,0.0,0.0,5.708806394741622e-28
0.12,17.77777777777778,0.0,0.0,0.0,1.670000000000007e-27
0.12,20.0,22.714278466235907,22.714278466235907,0.0,9.10999999999999e-31
0.12,20.0,1006326525131809.8,1006326525131809.8,0.0,2.6649528724626883e-30
0.12,20.0,6.038281931167871e+131,6.038281931167871e+131,0.0,7.795800013663226e-30
0.12,20.0,0.0,0.0,0.0,2.2805092908404498e-29
0.12,20.0,0.0,0.0,0.0,6.671185274756434e-29
0.12,20.0,0.0,0.0,0.0,1.951525176804936e-28
0.12,20.0,0.0,0.0,0.0,5.708806394741622e-28
0.12,20.0,0.0,0.0,0.0,1.670000000000007e-27
0.23,0.0,63.92981104894232,63.92981104894232,0.0,9.10999999999999e-31
0.23,0.0,2832327875683248.5,2832327875683248.5,0.0,2.6649528724626883e-30
0.23,0.0,1.699491974149905e+132,1.699491974149905e+132,0.0,7.795800013663226e-30
0.23,0.0,0.0,0.0,0.0,2.2805092908404498e-29
0.23,0.0,0.0,0.0,0.0,6.671185274756434e-29
0.23,0.0,0.0,0.0,0.0,1.951525176804936e-28
0.23,0.0,0.0,0.0,0.0,5.708806394741622e-28
0.23,0.0,0.0,0.0,0.0,1.670000000000007e-27
0.23,2.2222222222222223,55.29021974403401,55.29021974403401,0.0,9.10999999999999e-31
0.23,2.2222222222222223,2449561918989446.0,2449561918989446.0,0.0,2.6649528724626883e-30
0.23,2.2222222222222223,1.469819528045125e+132,1.469819528045125e+132,0.0,7.795800013663226e-30
0.23,2.2222222222222223,0.0,0.0,0.0,2.2805092908404498e-29
0.23,2.2222222222222223,0.0,0.0,0.0,6.671185274756434e-29
0.23,2.2222222222222223,0.0,0.0,0.0,1.951525176804936e-28
0.23,2.2222222222222223,0.0,0.0,0.0,5.708806394741622e-28
0.23,2.2222222222222223,0.0,0.0,0.0,1.670000000000007e-27
0.23,4.444444444444445,48.290589498282216,48.290589498282216,0.0,9.10999999999999e-31
0.23,4.444444444444445,2139452323180678.2,2139452323180678.2,0.0,2.6649528724626883e-30
0.23,4.444444444444445,1.283743341842023e+132,1.283743341842023e+132,0.0,7.795800013663226e-30
0.23,4.444444444444445,0.0,0.0,0.0,2.2805092908404498e-29
0.23,4.444444444444445,0.0,0.0,0.0,6.671185274756434e-29
0.23,4.444444444444445,0.0,0.0,0.0,1.951525176804936e-28
0.23,4.444444444444445,0.0,0.0,0.0,5.708806394741622e-28
0.23,4.444444444444445,0.0,0.0,0.0,1.670000000000007e-27
0.23,6.666666666666667,42.54067220073135,42.54067220073135,0.0,9.10999999999999e-31
0.23,6.666666666666667,1884709648714475.0,1884709648714475.0,0.0,2.6649528724626883e-30
0.23,6.666666666666667,1.1308891703862e+132,1.1308891703862e+132,0.0,7.795800013663226e-30
0.23,6.666666666666667,0.0,0.0,0.0,2.2805092908404498e-29
0.23,6.666666666666667,0.0,0.0,0.0,6.671185274756434e-29
0.23,6.666666666666667,0.0,0.0,0.0,1.951525176804936e-28
0.23,6.666666666666667,0.0,0.0,0.0,5.708806394741622e-28
0.23,6.666666666666667,0.0,0.0,0.0,1.670000000000007e-27
0.23,8.88888888888889,37.759753569202246,37.759753569202246,0.0,9.10999999999999e-31
0.23,8.88888888888889,1672897211147802.2,1672897211147802.2,0.0,2.6649528724626883e-30
0.23,8.88888888888889,1.00379458477688e+132,1.00379458477688e+132,0.0,7.795800013663226e-30
0.23,8.88888888888889,0.0,0.0,0.0,2.2805092908404498e-29
0.23,8.88888888888889,0.0,0.0,0.0,6.671185274756434e-29
0.23,8.88888888888889,0.0,0.0,0.0,1.951525176804936e-28
0.23,8.88888888888889,0.0,0.0,0.0,5.708806394741622e-28
0.23,8.88888888888889,0.0,0.0,0.0,1.670000000000007e-27
0.23,11.11111111111111,33.741729748555436,33.741729748555436,0.0,9.10999999999999e-31
0.23,11.11111111111111,1494883844837914.2,1494883844837914.2,0.0,2.6649528724626883e-30
0.23,11.11111111111111,8.969805785552022e+131,8.969805785552022e+131,0.0,7.795800013663226e-30
0.23,11.11111111111111,0.0,0.0,0.0,2.2805092908404498e-29
0.23,11.11111111111111,0.0,0.0,0.0,6.671185274756434e-29
0.23,11.11111111111111,0.0,0.0,0.0,1.951525176804936e-28
0.23,11.11111111111111,0.0,0.0,0.0,5.708806394741622e-28
0.23,11.11111111111111,0.0,0.0,0.0,1.670000000000007e-27
0.23,13.333333333333334,30.332516522351014,30.332516522351014,0.0,9.10999999999999e-31
0.23,13.333333333333334,1343843047183522.5,1343843047183522.5,0.0,2.6649528724626883e-30
0.23,13.333333333333334,8.06351020591008e+131,8.06351020591008e+131,0.0,7.795800013663226e-30
0.23,13.333333333333334,0.0,0.0,0.0,2.2805092908404498e-29
0.23,13.333333333333334,0.0,0.0,0.0,6.671185274756434e-29
0.23,13.333333333333334,0.0,0.0,0.0,1.951525176804936e-28
0.23,13.333333333333334,0.0,0.0,0.0,5.708806394741622e-28
0.23,13.333333333333334,0.0,0.0,0.0,1.670000000000007e-27
0.23,15.555555555555557,27.41505385418981,27.41505385418981,0.0,9.10999999999999e-31
0.23,15.555555555555557,1214588624157429.5,1214588624157429.5,0.0,2.6649528724626883e-30
0.23,15.555555555555557,7.287940200607527e+131,7.287940200607527e+131,0.0,7.795800013663226e-30
0.23,15.555555555555557,0.0,0.0,0.0,2.2805092908404498e-29
0.23,15.555555555555557,0.0,0.0,0.0,6.671185274756434e-29
0.23,15.555555555555557,0.0,0.0,0.0,1.951525176804936e-28
0.23,15.555555555555557,0.0,0.0,0.0,5.708806394741622e-28
0.23,15.555555555555557,0.0,0.0,0.0,1.670000000000007e-27
0.23,17.77777777777778,24.89912152821465,24.89912152821465,0.0,9.10999999999999e-31
0.23,17.77777777777778,1103123485386149.6,1103123485386149.6,0.0,2.6649528724626883e-30
0.23,17.77777777777778,6.6191118832164925e+131,6.6191118832164925e+131,0.0,7.795800013663226e-30
0.23,17.77777777777778,0.0,0.0,0.0,2.2805092908404498e-29
0.23,17.77777777777778,0.0,0.0,0.0,6.671185274756434e-29
0.23,17.77777777777778,0.0,0.0,0.0,1.951525176804936e-28
0.23,17.77777777777778,0.0,0.0,0.0,5.708806394741622e-28
0.23,17.77777777777778,0.0,0.0,0.0,1.670000000000007e-27
0.23,20.0,22.71427937586841,22.71427937586841,0.0,9.10999999999999e-31
0.23,20.0,1006326869996177.9,1006326869996177.9,0.0,2.6649528724626883e-30
0.23,20.0,6.038299639011015e+131,6.038299639011015e+131,0.0,7.795800013663226e-30
0.23,20.0,0.0,0.0,0.0,2.2805092908404498e-29
0.23,20.0,0.0,0.0,0.0,6.671185274756434e-29
0.23,20.0,0.0,0.0,0.0,1.951525176804936e-28
0.23,20.0,0.0,0.0,0.0,5.708806394741622e-28
0.23,20.0,0.0,0.0,0.0,1.670000000000007e-27
0.34,0.0,63.92981107272779,63.92981107272779,0.0,9.10999999999999e-31
0.34,0.0,2832327884700914.5,2832327884700914.5,0.0,2.6649528724626883e-30
0.34,0.0,1.6994920204532186e+132,1.6994920204532186e+132,0.0,7.795800013663226e-30
0.34,0.0,0.0,0.0,0.0,2.2805092908404498e-29
0.34,0.0,0.0,0.0,0.0,6.671185274756434e-29
0.34,0.0,0.0,0.0,0.0,1.951525176804936e-28
0.34,0.0,0.0,0.0,0.0,5.708806394741622e-28
0.34,0.0,0.0,0.0,0.0,1.670000000000007e-27
0.34,2.2222222222222223,55.29021976460507,55.29021976460507,0.0,9.10999999999999e-31
0.34,2.2222222222222223,2449561926788449.0,2449561926788449.0,0.0,2.6649528724626883e-30
0.34,2.2222222222222223,1.4698195680909243e+132,1.4698195680909243e+132,0.0,7.795800013663226e-30
0.34,2.2222222222222223,0.0,0.0,0.0,2.2805092908404498e-29
0.34,2.2222222222222223,0.0,0.0,0.0,6.671185274756434e-29
0.34,2.2222222222222223,0.0,0.0,0.0,1.951525176804936e-28
0.34,2.2222222222222223,0.0,0.0,0.0,5.708806394741622e-28
0.34,2.2222222222222223,0.0,0.0,0.0,1.670000000000007e-27
0.34,4.444444444444445,48.290589516249014,48.290589516249014,0.0,9.10999999999999e-31
0.34,4.444444444444445,2139452329992342.8,2139452329992342.8,0.0,2.6649528724626883e-30
0.34,4.444444444444445,1.2837433768181052e+132,1.2837433768181052e+132,0.0,7.795800013663226e-30
0.34,4.444444444444445,0.0,0.0,0.0,2.2805092908404498e-29
0.34,4.444444444444445,0.0,0.0,0.0,6.671185274756434e-29
0.34,4.444444444444445,0.0,0.0,0.0,1.951525176804936e-28
0.34,4.444444444444445,0.0,0.0,0.0,5.708806394741622e-28
0.34,4.444444444444445,0.0,0.0,0.0,1.670000000000007e-27
0.34,6.666666666666667,42.54067221655886,42.54067221655886,0.0,9.10999999999999e-31
0.34,6.666666666666667,1884709654715080.5,1884709654715080.5,0.0,2.6649528724626883e-30
0.34,6.666666666666667,1.130889201197711e+132,1.130889201197711e+132,0.0,7.795800013663226e-30
0.34,6.666666666666667,0.0,0.0,0.0,2.2805092908404498e-29
0.34,6.666666666666667,0.0,0.0,0.0,6.671185274756434e-29
0.34,6.666666666666667,0.0,0.0,0.0,1.951525176804936e-28
0.34,6.666666666666667,0.0,0.0,0.0,5.708806394741622e-28
0.34,6.666666666666667,0.0,0.0,0.0,1.670000000000007e-27
0.34,8.88888888888889,37.75975358325099,37.75975358325099,0.0,9.10999999999999e-31
0.34,8.88888888888889,1672897216474032.0,1672897216474032.0,0.0,2.6649528724626883e-30
0.34,8.88888888888889,1.0037946121256501e+132,1.0037946121256501e+132,0.0,7.795800013663226e-30
0.34,8.88888888888889,0.0,0.0,0.0,2.2805092908404498e-29
0.34,8.88888888888889,0.0,0.0,0.0,6.671185274756434e-29
0.34,8.88888888888889,0.0,0.0,0.0,1.951525176804936e-28
0.34,8.88888888888889,0.0,0.0,0.0,5.708806394741622e-28
0.34,8.88888888888889,0.0,0.0,0.0,1.670000000000007e-27
0.34,11.11111111111111,33.74172976110925,33.74172976110925,0.0,9.10999999999999e-31
0.34,11.11111111111111,1494883849597378.8,1494883849597378.8,0.0,2.6649528724626883e-30
0.34,11.11111111111111,8.969806029937839e+131,8.969806029937839e+131,0.0,7.795800013663226e-30
0.34,11.11111111111111,0.0,0.0,0.0,2.2805092908404498e-29
0.34,11.11111111111111,0.0,0.0,0.0,6.671185274756434e-29
0.34,11.11111111111111,0.0,0.0,0.0,1.951525176804936e-28
0.34,11.11111111111111,0.0,0.0,0.0,5.708806394741622e-28
0.34,11.11111111111111,0.0,0.0,0.0,1.670000000000007e-27
0.34,13.333333333333334,30.332516533636408,30.332516533636408,0.0,9.10999999999999e-31
0.34,13.333333333333334,1343843051462098.0,1343843051462098.0,0.0,2.6649528724626883e-30
0.34,13.333333333333334,8.063510425603522e+131,8.063510425603522e+131,0.0,7.795800013663226e-30
0.34,13.333333333333334,0.0,0.0,0.0,2.2805092908404498e-29
0.34,13.333333333333334,0.0,0.0,0.0,6.671185274756434e-29
0.34,13.333333333333334,0.0,0.0,0.0,1.951525176804936e-28
0.34,13.333333333333334,0.0,0.0,0.0,5.708806394741622e-28
0.34,13.333333333333334,0.0,0.0,0.0,1.670000000000007e-27
0.34,15.555555555555557,27.415053864389744,27.415053864389744,0.0,9.10999999999999e-31
0.34,15.555555555555557,1214588628024480.0,1214588628024480.0,0.0,2.6649528724626883e-30
0.34,15.555555555555557,7.287940399170266e+131,7.287940399170266e+131,0.0,7.795800013663226e-30
0.34,15.555555555555557,0.0,0.0,0.0,2.2805092908404498e-29
0.34,15.555555555555557,0.0,0.0,0.0,6.671185274756434e-29
0.34,15.555555555555557,0.0,0.0,0.0,1.951525176804936e-28
0.34,15.555555555555557,0.0,0.0,0.0,5.708806394741622e-28
0.34,15.555555555555557,0.0,0.0,0.0,1.670000000000007e-27
0.34,17.77777777777778,24.899121537478514,24.899121537478514,0.0,9.10999999999999e-31
0.34,17.77777777777778,1103123488898313.5,1103123488898313.5,0.0,2.6649528724626883e-30
0.34,17.77777777777778,6.619112063556746e+131,6.619112063556746e+131,0.0,7.795800013663226e-30
0.34,17.77777777777778,0.0,0.0,0.0,2.2805092908404498e-29
0.34,17.77777777777778,0.0,0.0,0.0,6.671185274756434e-29
0.34,17.77777777777778,0.0,0.0,0.0,1.951525176804936e-28
0.34,17.77777777777778,0.0,0.0,0.0,5.708806394741622e-28
0.34,17.77777777777778,0.0,0.0,0.0,1.670000000000007e-27
0.34,20.0,22.714279384319394,22.714279384319394,0.0,9.10999999999999e-31
0.34,20.0,1006326873200157.2,1006326873200157.2,0.0,2.6649528724626883e-30
0.34,20.0,6.038299803526815e+131,6.038299803526815e+131,0.0,7.795800013663226e-30
0.34,20.0,0.0,0.0,0.0,2.2805092908404498e-29
0.34,20.0,0.0,0.0,0.0,6.671185274756434e-29
0.34,20.0,0.0,0.0,0.0,1.951525176804936e-28
0.34,20.0,0.0,0.0,0.0,5.708806394741622e-28
0.34,20.0,0.0,0.0,0.0,1.670000000000007e-27
0.45,0.0,63.92981006404588,63.92981006404588,0.0,9.10999999999999e-31
0.45,0.0,2832327502284413.5,2832327502284413.5,0.0,2.6649528724626883e-30
0.45,0.0,1.699490056847375e+132,1.699490056847375e+132,0.0,7.795800013663226e-30
0.45,0.0,0.0,0.0,0.0,2.2805092908404498e-29
0.45,0.0,0.0,0.0,0.0,6.671185274756434e-29
0.45,0.0,0.0,0.0,0.0,1.951525176804936e-28
0.45,0.0,0.0,0.0,0.0,5.708806394741622e-28
0.45,0.0,0.0,0.0,0.0,1.670000000000007e-27
0.45,2.2222222222222223,55.290218892238286,55.290218892238286,0.0,9.10999999999999e-31
0.45,2.2222222222222223,2449561596052411.5,2449561596052411.5,0.0,2.6649528724626883e-30
0.45,2.2222222222222223,1.469817869850357e+132,1.469817869850357e+132,0.0,7.795800013663226e-30
0.45,2.2222222222222223,0.0,0.0,0.0,2.2805092908404498e-29
0.45,2.2222222222222223,0.0,0.0,0.0,6.671185274756434e-29
0.45,2.2222222222222223,0.0,0.0,0.0,1.951525176804936e-28
0.45,2.2222222222222223,0.0,0.0,0.0,5.708806394741622e-28
0.45,2.2222222222222223,0.0,0.0,0.0,1.670000000000007e-27
0.45,4.444444444444445,48.29058875432211,48.29058875432211,0.0,9.10999999999999e-31
0.45,4.444444444444445,2139452041126820.5,2139452041126820.5,0.0,2.6649528724626883e-30
0.45,4.444444444444445,1.2837418935713665e+132,1.2837418935713665e+132,0.0,7.795800013663226e-30
0.45,4.444444444444445,0.0,0.0,0.0,2.2805092908404498e-29
0.45,4.444444444444445,0.0,0.0,0.0,6.671185274756434e-29
0.45,4.444444444444445,0.0,0.0,0.0,1.951525176804936e-28
0.45,4.444444444444445,0.0,0.0,0.0,5.708806394741622e-28
0.45,4.444444444444445,0.0,0.0,0.0,1.670000000000007e-27
0.45,6.666666666666667,42.5406715453539,42.5406715453539,0.0,9.10999999999999e-31
0.45,6.666666666666667,1884709400244517.8,1884709400244517.8,0.0,2.6649528724626883e-30
0.45,6.666666666666667,1.1308878945598349e+132,1.1308878945598349e+132,0.0,7.795800013663226e-30
0.45,6.666666666666667,0.0,0.0,0.0,2.2805092908404498e-29
0.45,6.666666666666667,0.0,0.0,0.0,6.671185274756434e-29
0.45,6.666666666666667,0.0,0.0,0.0,1.951525176804936e-28
0.45,6.666666666666667,0.0,0.0,0.0,5.708806394741622e-28
0.45,6.666666666666667,0.0,0.0,0.0,1.670000000000007e-27
0.45,8.88888888888889,37.75975298747917,37.75975298747917,0.0,9.10999999999999e-31
0.45,8.88888888888889,1672896990602054.5,1672896990602054.5,0.0,2.6649528724626883e-30
0.45,8.88888888888889,1.0037934523338167e+132,1.0037934523338167e+132,0.0,7.795800013663226e-30
0.45,8.88888888888889,0.0,0.0,0.0,2.2805092908404498e-29
0.45,8.88888888888889,0.0,0.0,0.0,6.671185274756434e-29
0.45,8.88888888888889,0.0,0.0,0.0,1.951525176804936e-28
0.45,8.88888888888889,0.0,0.0,0.0,5.708806394741622e-28
0.45,8.88888888888889,0.0,0.0,0.0,1.670000000000007e-27
0.45,11.11111111111111,33.74172922873364,33.74172922873364,0.0,9.10999999999999e-31
0.45,11.11111111111111,1494883647760489.0,1494883647760489.0,0.0,2.6649528724626883e-30
0.45,11.11111111111111,8.969795666156587e+131,8.969795666156587e+131,0.0,7.795800013663226e-30
0.45,11.11111111111111,0.0,0.0,0.0,2.2805092908404498e-29
0.45,11.11111111111111,0.0,0.0,0.0,6.671185274756434e-29
0.45,11.11111111111111,0.0,0.0,0.0,1.951525176804936e-28
0.45,11.11111111111111,0.0,0.0,0.0,5.708806394741622e-28
0.45,11.11111111111111,0.0,0.0,0.0,1.670000000000007e-27
0.45,13.333333333333334,30.332516055051222,30.332516055051222,0.0,9.10999999999999e-31
0.45,13.333333333333334,1343842870018501.5,1343842870018501.5,0.0,2.6649528724626883e-30
0.45,13.333333333333334,8.063501108963018e+131,8.063501108963018e+131,0.0,7.795800013663226e-30
0.45,13.333333333333334,0.0,0.0,0.0,2.2805092908404498e-29
0.45,13.333333333333334,0.0,0.0,0.0,6.671185274756434e-29
0.45,13.333333333333334,0.0,0.0,0.0,1.951525176804936e-28
0.45,13.333333333333334,0.0,0.0,0.0,5.708806394741622e-28
0.45,13.333333333333334,0.0,0.0,0.0,1.670000000000007e-27
0.45,15.555555555555557,27.415053431836167,27.415053431836167,0.0,9.10999999999999e-31
0.45,15.555555555555557,1214588464032614.5,1214588464032614.5,0.0,2.6649528724626883e-30
0.45,15.555555555555557,7.287931978629196e+131,7.287931978629196e+131,0.0,7.795800013663226e-30
0.45,15.555555555555557,0.0,0.0,0.0,2.2805092908404498e-29
0.45,15.555555555555557,0.0,0.0,0.0,6.671185274756434e-29
0.45,15.555555555555557,0.0,0.0,0.0,1.951525176804936e-28
0.45,15.555555555555557,0.0,0.0,0.0,5.708806394741622e-28
0.45,15.555555555555557,0.0,0.0,0.0,1.670000000000007e-27
0.45,17.77777777777778,24.899121144621212,24.899121144621212,0.0,9.10999999999999e-31
0.45,17.77777777777778,1103123339956297.6,1103123339956297.6,0.0,2.6649528724626883e-30
0.45,17.77777777777778,6.6191044157849575e+131,6.6191044157849575e+131,0.0,7.795800013663226e-30
0.45,17.77777777777778,0.0,0.0,0.0,2.2805092908404498e-29
0.45,17.77777777777778,0.0,0.0,0.0,6.671185274756434e-29
0.45,17.77777777777778,0.0,0.0,0.0,1.951525176804936e-28
0.45,17.77777777777778,0.0,0.0,0.0,5.708806394741622e-28
0.45,17.77777777777778,0.0,0.0,0.0,1.670000000000007e-27
0.45,20.0,22.71427902593444,22.71427902593444,0.0,9.10999999999999e-31
0.45,20.0,1006326737327469.8,1006326737327469.8,0.0,2.6649528724626883e-30
0.45,20.0,6.038292826829874e+131,6.038292826829874e+131,0.0,7.795800013663226e-30
0.45,20.0,0.0,0.0,0.0,2.2805092908404498e-29
0.45,20.0,0.0,0.0,0.0,6.671185274756434e-29
0.45,20.0,0.0,0.0,0.0,1.951525176804936e-28
0.45,20.0,0.0,0.0,0.0,5.708806394741622e-28
0.45,20.0,0.0,0.0,0.0,1.670000000000007e-27
0.56,0.0,63.92981008770072,63.92981008770072,0.0,9.10999999999999e-31
0.56,0.0,2832327511252554.5,2832327511252554.5,0.0,2.6649528724626883e-30
0.56,0.0,1.6994901028963414e+132,1.6994901028963414e+132,0.0,7.795800013663226e-30
0.56,0.0,0.0,0.0,0.0,2.2805092908404498e-29
0.56,0.0,0.0,0.0,0.0,6.671185274756434e-29
0.56,0.0,0.0,0.0,0.0,1.951525176804936e-28
0.56,0.0,0.0,0.0,0.0,5.708806394741622e-28
0.56,0.0,0.0,0.0,0.0,1.670000000000007e-27
0.56,2.2222222222222223,55.29021891269637,55.29021891269637,0.0,9.10999999999999e-31
0.56,2.2222222222222223,2449561603808581.5,2449561603808581.5,0.0,2.6649528724626883e-30
0.56,2.2222222222222223,1.469817909676182e+132,1.469817909676182e+132,0.0,7.795800013663226e-30
0.56,2.2222222222222223,0.0,0.0,0.0,2.2805092908404498e-29
0.56,2.2222222222222223,0.0,0.0,0.0,6.671185274756434e-29
0.56,2.2222222222222223,0.0,0.0,0.0,1.951525176804936e-28
0.56,2.2222222222222223,0.0,0.0,0.0,5.708806394741622e-28
0.56,2.2222222222222223,0.0,0.0,0.0,1.670000000000007e-27
0.56,4.444444444444445,48.29058877219024,48.29058877219024,0.0,9.10999999999999e-31
0.56,4.444444444444445,2139452047901074.8,2139452047901074.8,0.0,2.6649528724626883e-30
0.56,4.444444444444445,1.2837419283553226e+132,1.2837419283553226e+132,0.0,7.795800013663226e-30
0.56,4.444444444444445,0.0,0.0,0.0,2.2805092908404498e-29
0.56,4.444444444444445,0.0,0.0,0.0,6.671185274756434e-29
0.56,4.444444444444445,0.0,0.0,0.0,1.951525176804936e-28
0.56,4.444444444444445,0.0,0.0,0.0,5.708806394741622e-28
0.56,4.444444444444445,0.0,0.0,0.0,1.670000000000007e-27
0.56,6.666666666666667,42.54067156109449,42.54067156109449,0.0,9.10999999999999e-31
0.56,6.666666666666667,1884709406212167.8,1884709406212167.8,0.0,2.6649528724626883e-30
0.56,6.666666666666667,1.1308879252020965e+132,1.1308879252020965e+132,0.0,7.795800013663226e-30
0.56,6.666666666666667,0.0,0.0,0.0,2.2805092908404498e-29
0.56,6.666666666666667,0.0,0.0,0.0,6.671185274756434e-29
0.56,6.666666666666667,0.0,0.0,0.0,1.951525176804936e-28
0.56,6.666666666666667,0.0,0.0,0.0,5.708806394741622e-28
0.56,6.666666666666667,0.0,0.0,0.0,1.670000000000007e-27
0.56,8.88888888888889,37.75975300145076,37.75975300145076,0.0,9.10999999999999e-31
0.56,8.88888888888889,1672896995899032.2,1672896995899032.2,0.0,2.6649528724626883e-30
0.56,8.88888888888889,1.0037934795323585e+132,1.0037934795323585e+132,0.0,7.795800013663226e-30
0.56,8.88888888888889,0.0,0.0,0.0,2.2805092908404498e-29
0.56,8.88888888888889,0.0,0.0,0.0,6.671185274756434e-29
0.56,8.88888888888889,0.0,0.0,0.0,1.951525176804936e-28
0.56,8.88888888888889,0.0,0.0,0.0,5.708806394741622e-28
0.56,8.88888888888889,0.0,0.0,0.0,1.670000000000007e-27
0.56,11.11111111111111,33.7417292412185,33.7417292412185,0.0,9.10999999999999e-31
0.56,11.11111111111111,1494883652493814.2,1494883652493814.2,0.0,2.6649528724626883e-30
0.56,11.11111111111111,8.969795909199975e+131,8.969795909199975e+131,0.0,7.795800013663226e-30
0.56,11.11111111111111,0.0,0.0,0.0,2.2805092908404498e-29
0.56,11.11111111111111,0.0,0.0,0.0,6.671185274756434e-29
0.56,11.11111111111111,0.0,0.0,0.0,1.951525176804936e-28
0.56,11.11111111111111,0.0,0.0,0.0,5.708806394741622e-28
0.56,11.11111111111111,0.0,0.0,0.0,1.670000000000007e-27
0.56,13.333333333333334,30.33251606627464,30.33251606627464,0.0,9.10999999999999e-31
0.56,13.333333333333334,1343842874273578.5,1343842874273578.5,0.0,2.6649528724626883e-30
0.56,13.333333333333334,8.06350132744967e+131,8.06350132744967e+131,0.0,7.795800013663226e-30
0.56,13.333333333333334,0.0,0.0,0.0,2.2805092908404498e-29
0.56,13.333333333333334,0.0,0.0,0.0,6.671185274756434e-29
0.56,13.333333333333334,0.0,0.0,0.0,1.951525176804936e-28
0.56,13.333333333333334,0.0,0.0,0.0,5.708806394741622e-28
0.56,13.333333333333334,0.0,0.0,0.0,1.670000000000007e-27
0.56,15.555555555555557,27.415053441980085,27.415053441980085,0.0,9.10999999999999e-31
0.56,15.555555555555557,1214588467878427.0,1214588467878427.0,0.0,2.6649528724626883e-30
0.56,15.555555555555557,7.287932176101217e+131,7.287932176101217e+131,0.0,7.795800013663226e-30
0.56,15.555555555555557,0.0,0.0,0.0,2.2805092908404498e-29
0.56,15.555555555555557,0.0,0.0,0.0,6.671185274756434e-29
0.56,15.555555555555557,0.0,0.0,0.0,1.951525176804936e-28
0.56,15.555555555555557,0.0,0.0,0.0,5.708806394741622e-28
0.56,15.555555555555557,0.0,0.0,0.0,1.670000000000007e-27
0.56,17.77777777777778,24.899121153834205,24.899121153834205,0.0,9.10999999999999e-31
0.56,17.77777777777778,1103123343449172.5,1103123343449172.5,0.0,2.6649528724626883e-30
0.56,17.77777777777778,6.61910459513459e+131,6.61910459513459e+131,0.0,7.795800013663226e-30
0.56,17.77777777777778,0.0,0.0,0.0,2.2805092908404498e-29
0.56,17.77777777777778,0.0,0.0,0.0,6.671185274756434e-29
0.56,17.77777777777778,0.0,0.0,0.0,1.951525176804936e-28
0.56,17.77777777777778,0.0,0.0,0.0,5.708806394741622e-28
0.56,17.77777777777778,0.0,0.0,0.0,1.670000000000007e-27
0.56,20.0,22.71427903433901,22.71427903433901,0.0,9.10999999999999e-31
0.56,20.0,1006326740513852.6,1006326740513852.6,0.0,2.6649528724626883e-30
0.56,20.0,6.038292990441978e+131,6.038292990441978e+131,0.0,7.795800013663226e-30
0.56,20.0,0.0,0.0,0.0,2.2805092908404498e-29
0.56,20.0,0.0,0.0,0.0,6.671185274756434e-29
0.56,20.0,0.0,0.0,0.0,1.951525176804936e-28
0.56,20.0,0.0,0.0,0.0,5.708806394741622e-28
0.56,20.0,0.0,0.0,0.0,1.670000000000007e-27
0.67,0.0,63.929810723185895,63.929810723185895,0.0,9.10999999999999e-31
0.67,0.0,2832327752180846.5,2832327752180846.5,0.0,2.6649528724626883e-30
0.67,0.0,1.6994913399980963e+132,1.6994913399980963e+132,0.0,7.795800013663226e-30
0.67,0.0,0.0,0.0,0.0,2.2805092908404498e-29
0.67,0.0,0.0,0.0,0.0,6.671185274756434e-29
0.67,0.0,0.0,0.0,0.0,1.951525176804936e-28
0.67,0.0,0.0,0.0,0.0,5.708806394741622e-28
0.67,0.0,0.0,0.0,0.0,1.670000000000007e-27
0.67,2.2222222222222223,55.290219462300904,55.290219462300904,0.0,9.10999999999999e-31
0.67,2.2222222222222223,2449561812177384.0,2449561812177384.0,0.0,2.6649528724626883e-30
0.67,2.2222222222222223,1.469818979593749e+132,1.469818979593749e+132,0.0,7.795800013663226e-30
0.67,2.2222222222222223,0.0,0.0,0.0,2.2805092908404498e-29
0.67,2.2222222222222223,0.0,0.0,0.0,6.671185274756434e-29
0.67,2.2222222222222223,0.0,0.0,0.0,1.951525176804936e-28
0.67,2.2222222222222223,0.0,0.0,0.0,5.708806394741622e-28
0.67,2.2222222222222223,0.0,0.0,0.0,1.670000000000007e-27
0.67,4.444444444444445,48.290589252215945,48.290589252215945,0.0,9.10999999999999e-31
0.67,4.444444444444445,2139452229890808.0,2139452229890808.0,0.0,2.6649528724626883e-30
0.67,4.444444444444445,1.2837428628234843e+132,1.2837428628234843e+132,0.0,7.795800013663226e-30
0.67,4.444444444444445,0.0,0.0,0.0,2.2805092908404498e-29
0.67,4.444444444444445,0.0,0.0,0.0,6.671185274756434e-29
0.67,4.444444444444445,0.0,0.0,0.0,1.951525176804936e-28
0.67,4.444444444444445,0.0,0.0,0.0,5.708806394741622e-28
0.67,4.444444444444445,0.0,0.0,0.0,1.670000000000007e-27
0.67,6.666666666666667,42.540671983963975,42.540671983963975,0.0,9.10999999999999e-31
0.67,6.666666666666667,1884709566532546.0,1884709566532546.0,0.0,2.6649528724626883e-30
0.67,6.666666666666667,1.1308887484039702e+132,1.1308887484039702e+132,0.0,7.795800013663226e-30
0.67,6.666666666666667,0.0,0.0,0.0,2.2805092908404498e-29
0.67,6.666666666666667,0.0,0.0,0.0,6.671185274756434e-29
0.67,6.666666666666667,0.0,0.0,0.0,1.951525176804936e-28
0.67,6.666666666666667,0.0,0.0,0.0,5.708806394741622e-28
0.67,6.666666666666667,0.0,0.0,0.0,1.670000000000007e-27
0.67,8.88888888888889,37.7597533767962,37.7597533767962,0.0,9.10999999999999e-31
0.67,8.88888888888889,1672897138201860.8,1672897138201860.8,0.0,2.6649528724626883e-30
0.67,8.88888888888889,1.0037942102189761e+132,1.0037942102189761e+132,0.0,7.795800013663226e-30
0.67,8.88888888888889,0.0,0.0,0.0,2.2805092908404498e-29
0.67,8.88888888888889,0.0,0.0,0.0,6.671185274756434e-29
0.67,8.88888888888889,0.0,0.0,0.0,1.951525176804936e-28
0.67,8.88888888888889,0.0,0.0,0.0,5.708806394741622e-28
0.67,8.88888888888889,0.0,0.0,0.0,1.670000000000007e-27
0.67,11.11111111111111,33.74172957662336,33.74172957662336,0.0,9.10999999999999e-31
0.67,11.11111111111111,1494883779654166.8,1494883779654166.8,0.0,2.6649528724626883e-30
0.67,11.11111111111111,8.969802438540888e+131,8.969802438540888e+131,0.0,7.795800013663226e-30
0.67,11.11111111111111,0.0,0.0,0.0,2.2805092908404498e-29
0.67,11.11111111111111,0.0,0.0,0.0,6.671185274756434e-29
0.67,11.11111111111111,0.0,0.0,0.0,1.951525176804936e-28
0.67,11.11111111111111,0.0,0.0,0.0,5.708806394741622e-28
0.67,11.11111111111111,0.0,0.0,0.0,1.670000000000007e-27
0.67,13.333333333333334,30.332516367790692,30.332516367790692,0.0,9.10999999999999e-31
0.67,13.333333333333334,1343842988585842.0,1343842988585842.0,0.0,2.6649528724626883e-30
0.67,13.333333333333334,8.063507197075874e+131,8.063507197075874e+131,0.0,7.795800013663226e-30
0.67,13.333333333333334,0.0,0.0,0.0,2.2805092908404498e-29
0.67,13.333333333333334,0.0,0.0,0.0,6.671185274756434e-29
0.67,13.333333333333334,0.0,0.0,0.0,1.951525176804936e-28
0.67,13.333333333333334,0.0,0.0,0.0,5.708806394741622e-28
0.67,13.333333333333334,0.0,0.0,0.0,1.670000000000007e-27
0.67,15.555555555555557,27.415053714495517,27.415053714495517,0.0,9.10999999999999e-31
0.67,15.555555555555557,1214588571195830.8,1214588571195830.8,0.0,2.6649528724626883e-30
0.67,15.555555555555557,7.287937481171055e+131,7.287937481171055e+131,0.0,7.795800013663226e-30
0.67,15.555555555555557,0.0,0.0,0.0,2.2805092908404498e-29
0.67,15.555555555555557,0.0,0.0,0.0,6.671185274756434e-29
0.67,15.555555555555557,0.0,0.0,0.0,1.951525176804936e-28
0.67,15.555555555555557,0.0,0.0,0.0,5.708806394741622e-28
0.67,15.555555555555557,0.0,0.0,0.0,1.670000000000007e-27
0.67,17.77777777777778,24.89912140134037,24.89912140134037,0.0,9.10999999999999e-31
0.67,17.77777777777778,1103123437284939.0,1103123437284939.0,0.0,2.6649528724626883e-30
0.67,17.77777777777778,6.6191094133479456e+131,6.6191094133479456e+131,0.0,7.795800013663226e-30
0.67,17.77777777777778,0.0,0.0,0.0,2.2805092908404498e-29
0.67,17.77777777777778,0.0,0.0,0.0,6.671185274756434e-29
0.67,17.77777777777778,0.0,0.0,0.0,1.951525176804936e-28
0.67,17.77777777777778,0.0,0.0,0.0,5.708806394741622e-28
0.67,17.77777777777778,0.0,0.0,0.0,1.670000000000007e-27
0.67,20.0,22.714279260127064,22.714279260127064,0.0,9.10999999999999e-31
0.67,20.0,1006326826115740.8,1006326826115740.8,0.0,2.6649528724626883e-30
0.67,20.0,6.038297385867902e+131,6.038297385867902e+131,0.0,7.795800013663226e-30
0.67,20.0,0.0,0.0,0.0,2.2805092908404498e-29
0.67,20.0,0.0,0.0,0.0,6.671185274756434e-29
0.67,20.0,0.0,0.0,0.0,1.951525176804936e-28
0.67,20.0,0.0,0.0,0.0,5.708806394741622e-28
0.67,20.0,0.0,0.0,0.0,1.670000000000007e-27
0.78,0.0,63.929810656654446,63.929810656654446,0.0,9.10999999999999e-31
0.78,0.0,2832327726957111.0,2832327726957111.0,0.0,2.6649528724626883e-30
0.78,0.0,1.699491210480984e+132,1.699491210480984e+132,0.0,7.795800013663226e-30
0.78,0.0,0.0,0.0,0.0,2.2805092908404498e-29
0.78,0.0,0.0,0.0,0.0,6.671185274756434e-29
0.78,0.0,0.0,0.0,0.0,1.951525176804936e-28
0.78,0.0,0.0,0.0,0.0,5.708806394741622e-28
0.78,0.0,0.0,0.0,0.0,1.670000000000007e-27
0.78,2.2222222222222223,55.290219404760634,55.290219404760634,0.0,9.10999999999999e-31
0.78,2.2222222222222223,2449561790362430.5,2449561790362430.5,0.0,2.6649528724626883e-30
0.78,2.2222222222222223,1.4698188675798155e+132,1.4698188675798155e+132,0.0,7.795800013663226e-30
0.78,2.2222222222222223,0.0,0.0,0.0,2.2805092908404498e-29
0.78,2.2222222222222223,0.0,0.0,0.0,6.671185274756434e-29
0.78,2.2222222222222223,0.0,0.0,0.0,1.951525176804936e-28
0.78,2.2222222222222223,0.0,0.0,0.0,5.708806394741622e-28
0.78,2.2222222222222223,0.0,0.0,0.0,1.670000000000007e-27
0.78,4.444444444444445,48.29058920196016,48.29058920196016,0.0,9.10999999999999e-31
0.78,4.444444444444445,2139452210837583.0,2139452210837583.0,0.0,2.6649528724626883e-30
0.78,4.444444444444445,1.283742764990289e+132,1.283742764990289e+132,0.0,7.795800013663226e-30
0.78,4.444444444444445,0.0,0.0,0.0,2.2805092908404498e-29
0.78,4.444444444444445,0.0,0.0,0.0,6.671185274756434e-29
0.78,4.444444444444445,0.0,0.0,0.0,1.951525176804936e-28
0.78,4.444444444444445,0.0,0.0,0.0,5.708806394741622e-28
0.78,4.444444444444445,0.0,0.0,0.0,1.670000000000007e-27
0.78,6.666666666666667,42.540671939692096,42.540671939692096,0.0,9.10999999999999e-31
0.78,6.666666666666667,1884709549747971.5,1884709549747971.5,0.0,2.6649528724626883e-30
0.78,6.666666666666667,1.1308886622196858e+132,1.1308886622196858e+132,0.0,7.795800013663226e-30
0.78,6.666666666666667,0.0,0.0,0.0,2.2805092908404498e-29
0.78,6.666666666666667,0.0,0.0,0.0,6.671185274756434e-29
0.78,6.666666666666667,0.0,0.0,0.0,1.951525176804936e-28
0.78,6.666666666666667,0.0,0.0,0.0,5.708806394741622e-28
0.78,6.666666666666667,0.0,0.0,0.0,1.670000000000007e-27
0.78,8.88888888888889,37.7597533374998,37.7597533374998,0.0,9.10999999999999e-31
0.78,8.88888888888889,1672897123303614.8,1672897123303614.8,0.0,2.6649528724626883e-30
0.78,8.88888888888889,1.0037941337204826e+132,1.0037941337204826e+132,0.0,7.795800013663226e-30
0.78,8.88888888888889,0.0,0.0,0.0,2.2805092908404498e-29
0.78,8.88888888888889,0.0,0.0,0.0,6.671185274756434e-29
0.78,8.88888888888889,0.0,0.0,0.0,1.951525176804936e-28
0.78,8.88888888888889,0.0,0.0,0.0,5.708806394741622e-28
0.78,8.88888888888889,0.0,0.0,0.0,1.670000000000007e-27
0.78,11.11111111111111,33.7417295415085,33.7417295415085,0.0,9.10999999999999e-31
0.78,11.11111111111111,1494883766341246.5,1494883766341246.5,0.0,2.6649528724626883e-30
0.78,11.11111111111111,8.96980175495817e+131,8.96980175495817e+131,0.0,7.795800013663226e-30
0.78,11.11111111111111,0.0,0.0,0.0,2.2805092908404498e-29
0.78,11.11111111111111,0.0,0.0,0.0,6.671185274756434e-29
0.78,11.11111111111111,0.0,0.0,0.0,1.951525176804936e-28
0.78,11.11111111111111,0.0,0.0,0.0,5.708806394741622e-28
0.78,11.11111111111111,0.0,0.0,0.0,1.670000000000007e-27
0.78,13.333333333333334,30.332516336223783,30.332516336223783,0.0,9.10999999999999e-31
0.78,13.333333333333334,1343842976618039.2,1343842976618039.2,0.0,2.6649528724626883e-30
0.78,13.333333333333334,8.06350658256132e+131,8.06350658256132e+131,0.0,7.795800013663226e-30
0.78,13.333333333333334,0.0,0.0,0.0,2.2805092908404498e-29
0.78,13.333333333333334,0.0,0.0,0.0,6.671185274756434e-29
0.78,13.333333333333334,0.0,0.0,0.0,1.951525176804936e-28
0.78,13.333333333333334,0.0,0.0,0.0,5.708806394741622e-28
0.78,13.333333333333334,0.0,0.0,0.0,1.670000000000007e-27
0.78,15.555555555555557,27.415053685964796,27.415053685964796,0.0,9.10999999999999e-31
0.78,15.555555555555557,1214588560379123.2,1214588560379123.2,0.0,2.6649528724626883e-30
0.78,15.555555555555557,7.287936925762153e+131,7.287936925762153e+131,0.0,7.795800013663226e-30
0.78,15.555555555555557,0.0,0.0,0.0,2.2805092908404498e-29
0.78,15.555555555555557,0.0,0.0,0.0,6.671185274756434e-29
0.78,15.555555555555557,0.0,0.0,0.0,1.951525176804936e-28
0.78,15.555555555555557,0.0,0.0,0.0,5.708806394741622e-28
0.78,15.555555555555557,0.0,0.0,0.0,1.670000000000007e-27
0.78,17.77777777777778,24.89912137542797,24.89912137542797,0.0,9.10999999999999e-31
0.78,17.77777777777778,1103123427460901.5,1103123427460901.5,0.0,2.6649528724626883e-30
0.78,17.77777777777778,6.61910890890999e+131,6.61910890890999e+131,0.0,7.795800013663226e-30
0.78,17.77777777777778,0.0,0.0,0.0,2.2805092908404498e-29
0.78,17.77777777777778,0.0,0.0,0.0,6.671185274756434e-29
0.78,17.77777777777778,0.0,0.0,0.0,1.951525176804936e-28
0.78,17.77777777777778,0.0,0.0,0.0,5.708806394741622e-28
0.78,17.77777777777778,0.0,0.0,0.0,1.670000000000007e-27
0.78,20.0,22.71427923648842,22.71427923648842,0.0,9.10999999999999e-31
0.78,20.0,1006326817153740.5,1006326817153740.5,0.0,2.6649528724626883e-30
0.78,20.0,6.038296925693247e+131,6.038296925693247e+131,0.0,7.795800013663226e-30
0.78,20.0,0.0,0.0,0.0,2.2805092908404498e-29
0.78,20.0,0.0,0.0,0.0,6.671185274756434e-29
0.78,20.0,0.0,0.0,0.0,1.951525176804936e-28
0.78,20.0,0.0,0.0,0.0,5.708806394741622e-28
0.78,20.0,0.0,0.0,0.0,1.670000000000007e-27
0.89,0.0,63.9298101970437,63.9298101970437,0.0,9.10999999999999e-31
0.89,0.0,2832327552707200.5,2832327552707200.5,0.0,2.6649528724626883e-30
0.89,0.0,1.6994903157547047e+132,1.6994903157547047e+132,0.0,7.795800013663226e-30
0.89,0.0,0.0,0.0,0.0,2.2805092908404498e-29
0.89,0.0,0.0,0.0,0.0,6.671185274756434e-29
0.89,0.0,0.0,0.0,0.0,1.951525176804936e-28
0.89,0.0,0.0,0.0,0.0,5.708806394741622e-28
0.89,0.0,0.0,0.0,0.0,1.670000000000007e-27
0.89,2.2222222222222223,55.29021900726253,55.29021900726253,0.0,9.10999999999999e-31
0.89,2.2222222222222223,2449561639660971.0,2449561639660971.0,0.0,2.6649528724626883e-30
0.89,2.2222222222222223,1.4698180937684776e+132,1.4698180937684776e+132,0.0,7.795800013663226e-30
0.89,2.2222222222222223,0.0,0.0,0.0,2.2805092908404498e-29
0.89,2.2222222222222223,0.0,0.0,0.0,6.671185274756434e-29
0.89,2.2222222222222223,0.0,0.0,0.0,1.951525176804936e-28
0.89,2.2222222222222223,0.0,0.0,0.0,5.708806394741622e-28
0.89,2.2222222222222223,0.0,0.0,0.0,1.670000000000007e-27
0.89,4.444444444444445,48.29058885478451,48.29058885478451,0.0,9.10999999999999e-31
0.89,4.444444444444445,2139452079214624.2,2139452079214624.2,0.0,2.6649528724626883e-30
0.89,4.444444444444445,1.2837420891419052e+132,1.2837420891419052e+132,0.0,7.795800013663226e-30
0.89,4.444444444444445,0.0,0.0,0.0,2.2805092908404498e-29
0.89,4.444444444444445,0.0,0.0,0.0,6.671185274756434e-29
0.89,4.444444444444445,0.0,0.0,0.0,1.951525176804936e-28
0.89,4.444444444444445,0.0,0.0,0.0,5.708806394741622e-28
0.89,4.444444444444445,0.0,0.0,0.0,1.670000000000007e-27
0.89,6.666666666666667,42.54067163385434,42.54067163385434,0.0,9.10999999999999e-31
0.89,6.666666666666667,1884709433797240.8,1884709433797240.8,0.0,2.6649528724626883e-30
0.89,6.666666666666667,1.1308880668439645e+132,1.1308880668439645e+132,0.0,7.795800013663226e-30
0.89,6.666666666666667,0.0,0.0,0.0,2.2805092908404498e-29
0.89,6.666666666666667,0.0,0.0,0.0,6.671185274756434e-29
0.89,6.666666666666667,0.0,0.0,0.0,1.951525176804936e-28
0.89,6.666666666666667,0.0,0.0,0.0,5.708806394741622e-28
0.89,6.666666666666667,0.0,0.0,0.0,1.670000000000007e-27
0.89,8.88888888888889,37.75975306603352,37.75975306603352,0.0,9.10999999999999e-31
0.89,8.88888888888889,1672897020383966.5,1672897020383966.5,0.0,2.6649528724626883e-30
0.89,8.88888888888889,1.0037936052558545e+132,1.0037936052558545e+132,0.0,7.795800013663226e-30
0.89,8.88888888888889,0.0,0.0,0.0,2.2805092908404498e-29
0.89,8.88888888888889,0.0,0.0,0.0,6.671185274756434e-29
0.89,8.88888888888889,0.0,0.0,0.0,1.951525176804936e-28
0.89,8.88888888888889,0.0,0.0,0.0,5.708806394741622e-28
0.89,8.88888888888889,0.0,0.0,0.0,1.670000000000007e-27
0.89,11.11111111111111,33.741729298928995,33.741729298928995,0.0,9.10999999999999e-31
0.89,11.11111111111111,1494883674373301.2,1494883674373301.2,0.0,2.6649528724626883e-30
0.89,11.11111111111111,8.969797032652281e+131,8.969797032652281e+131,0.0,7.795800013663226e-30
0.89,11.11111111111111,0.0,0.0,0.0,2.2805092908404498e-29
0.89,11.11111111111111,0.0,0.0,0.0,6.671185274756434e-29
0.89,11.11111111111111,0.0,0.0,0.0,1.951525176804936e-28
0.89,11.11111111111111,0.0,0.0,0.0,5.708806394741622e-28
0.89,11.11111111111111,0.0,0.0,0.0,1.670000000000007e-27
0.89,13.333333333333334,30.33251611815415,30.33251611815415,0.0,9.10999999999999e-31
0.89,13.333333333333334,1343842893942395.2,1343842893942395.2,0.0,2.6649528724626883e-30
0.89,13.333333333333334,8.063502337390058e+131,8.063502337390058e+131,0.0,7.795800013663226e-30
0.89,13.333333333333334,0.0,0.0,0.0,2.2805092908404498e-29
0.89,13.333333333333334,0.0,0.0,0.0,6.671185274756434e-29
0.89,13.333333333333334,0.0,0.0,0.0,1.951525176804936e-28
0.89,13.333333333333334,0.0,0.0,0.0,5.708806394741622e-28
0.89,13.333333333333334,0.0,0.0,0.0,1.670000000000007e-27
0.89,15.555555555555557,27.415053488869685,27.415053488869685,0.0,9.10999999999999e-31
0.89,15.555555555555557,1214588485655444.2,1214588485655444.2,0.0,2.6649528724626883e-30
0.89,15.555555555555557,7.287933088902835e+131,7.287933088902835e+131,0.0,7.795800013663226e-30
0.89,15.555555555555557,0.0,0.0,0.0,2.2805092908404498e-29
0.89,15.555555555555557,0.0,0.0,0.0,6.671185274756434e-29
0.89,15.555555555555557,0.0,0.0,0.0,1.951525176804936e-28
0.89,15.555555555555557,0.0,0.0,0.0,5.708806394741622e-28
0.89,15.555555555555557,0.0,0.0,0.0,1.670000000000007e-27
0.89,17.77777777777778,24.899121196420655,24.899121196420655,0.0,9.10999999999999e-31
0.89,17.77777777777778,1103123359594758.6,1103123359594758.6,0.0,2.6649528724626883e-30
0.89,17.77777777777778,6.619105424166644e+131,6.619105424166644e+131,0.0,7.795800013663226e-30
0.89,17.77777777777778,0.0,0.0,0.0,2.2805092908404498e-29
0.89,17.77777777777778,0.0,0.0,0.0,6.671185274756434e-29
0.89,17.77777777777778,0.0,0.0,0.0,1.951525176804936e-28
0.89,17.77777777777778,0.0,0.0,0.0,5.708806394741622e-28
0.89,17.77777777777778,0.0,0.0,0.0,1.670000000000007e-27
0.89,20.0,22.7142790731886,22.7142790731886,0.0,9.10999999999999e-31
0.89,20.0,1006326755242699.8,1006326755242699.8,0.0,2.6649528724626883e-30
0.89,20.0,6.038293746728325e+131,6.038293746728325e+131,0.0,7.795800013663226e-30
0.89,20.0,0.0,0.0,0.0,2.2805092908404498e-29
0.89,20.0,0.0,0.0,0.0,6.671185274756434e-29
0.89,20.0,0.0,0.0,0.0,1.951525176804936e-28
0.89,20.0,0.0,0.0,0.0,5.708806394741622e-28
0.89,20.0,0.0,0.0,0.0,1.670000000000007e-27
1.0,0.0,63.92981029158908,63.92981029158908,0.0,9.10999999999999e-31
1.0,0.0,2832327588551716.5,2832327588551716.5,0.0,2.6649528724626883e-30
1.0,0.0,1.6994904998065887e+132,1.6994904998065887e+132,0.0,7.795800013663226e-30
1.0,0.0,0.0,0.0,0.0,2.2805092908404498e-29
1.0,0.0,0.0,0.0,0.0,6.671185274756434e-29
1.0,0.0,0.0,0.0,0.0,1.951525176804936e-28
1.0,0.0,0.0,0.0,0.0,5.708806394741622e-28
1.0,0.0,0.0,0.0,0.0,1.670000000000007e-27
1.0,2.2222222222222223,55.29021908903088,55.29021908903088,0.0,9.10999999999999e-31
1.0,2.2222222222222223,2449561670661393.5,2449561670661393.5,0.0,2.6649528724626883e-30
1.0,2.2222222222222223,1.4698182529472545e+132,1.4698182529472545e+132,0.0,7.795800013663226e-30
1.0,2.2222222222222223,0.0,0.0,0.0,2.2805092908404498e-29
1.0,2.2222222222222223,0.0,0.0,0.0,6.671185274756434e-29
1.0,2.2222222222222223,0.0,0.0,0.0,1.951525176804936e-28
1.0,2.2222222222222223,0.0,0.0,0.0,5.708806394741622e-28
1.0,2.2222222222222223,0.0,0.0,0.0,1.670000000000007e-27
1.0,4.444444444444445,48.29058892620115,48.29058892620115,0.0,9.10999999999999e-31
1.0,4.444444444444445,2139452106290456.0,2139452106290456.0,0.0,2.6649528724626883e-30
1.0,4.444444444444445,1.2837422281689697e+132,1.2837422281689697e+132,0.0,7.795800013663226e-30
1.0,4.444444444444445,0.0,0.0,0.0,2.2805092908404498e-29
1.0,4.444444444444445,0.0,0.0,0.0,6.671185274756434e-29
1.0,4.444444444444445,0.0,0.0,0.0,1.951525176804936e-28
1.0,4.444444444444445,0.0,0.0,0.0,5.708806394741622e-28
1.0,4.444444444444445,0.0,0.0,0.0,1.670000000000007e-27
1.0,6.666666666666667,42.54067169676747,42.54067169676747,0.0,9.10999999999999e-31
1.0,6.666666666666667,1884709457649177.2,1884709457649177.2,0.0,2.6649528724626883e-30
1.0,6.666666666666667,1.130888189317201e+132,1.130888189317201e+132,0.0,7.795800013663226e-30
1.0,6.666666666666667,0.0,0.0,0.0,2.2805092908404498e-29
1.0,6.666666666666667,0.0,0.0,0.0,6.671185274756434e-29
1.0,6.666666666666667,0.0,0.0,0.0,1.951525176804936e-28
1.0,6.666666666666667,0.0,0.0,0.0,5.708806394741622e-28
1.0,6.666666666666667,0.0,0.0,0.0,1.670000000000007e-27
1.0,8.88888888888889,37.75975312187617,37.75975312187617,0.0,9.10999999999999e-31
1.0,8.88888888888889,1672897041555311.5,1672897041555311.5,0.0,2.6649528724626883e-30
1.0,8.88888888888889,1.0037937139649788e+132,1.0037937139649788e+132,0.0,7.795800013663226e-30
1.0,8.88888888888889,0.0,0.0,0.0,2.2805092908404498e-29
1.0,8.88888888888889,0.0,0.0,0.0,6.671185274756434e-29
1.0,8.88888888888889,0.0,0.0,0.0,1.951525176804936e-28
1.0,8.88888888888889,0.0,0.0,0.0,5.708806394741622e-28
1.0,8.88888888888889,0.0,0.0,0.0,1.670000000000007e-27
1.0,11.11111111111111,33.74172934882942,33.74172934882942,0.0,9.10999999999999e-31
1.0,11.11111111111111,1494883693291798.5,1494883693291798.5,0.0,2.6649528724626883e-30
1.0,11.11111111111111,8.969798004065903e+131,8.969798004065903e+131,0.0,7.795800013663226e-30
1.0,11.11111111111111,0.0,0.0,0.0,2.2805092908404498e-29
1.0,11.11111111111111,0.0,0.0,0.0,6.671185274756434e-29
1.0,11.11111111111111,0.0,0.0,0.0,1.951525176804936e-28
1.0,11.11111111111111,0.0,0.0,0.0,5.708806394741622e-28
1.0,11.11111111111111,0.0,0.0,0.0,1.670000000000007e-27
1.0,13.333333333333334,30.332516163012713,30.332516163012713,0.0,9.10999999999999e-31
1.0,13.333333333333334,1343842910949396.5,1343842910949396.5,0.0,2.6649528724626883e-30
1.0,13.333333333333334,8.06350321065352e+131,8.06350321065352e+131,0.0,7.795800013663226e-30
1.0,13.333333333333334,0.0,0.0,0.0,2.2805092908404498e-29
1.0,13.333333333333334,0.0,0.0,0.0,6.671185274756434e-29
1.0,13.333333333333334,0.0,0.0,0.0,1.951525176804936e-28
1.0,13.333333333333334,0.0,0.0,0.0,5.708806394741622e-28
1.0,13.333333333333334,0.0,0.0,0.0,1.670000000000007e-27
1.0,15.555555555555557,27.415053529413633,27.415053529413633,0.0,9.10999999999999e-31
1.0,15.555555555555557,1214588501026666.5,1214588501026666.5,0.0,2.6649528724626883e-30
1.0,15.555555555555557,7.287933878173479e+131,7.287933878173479e+131,0.0,7.795800013663226e-30
1.0,15.555555555555557,0.0,0.0,0.0,2.2805092908404498e-29
1.0,15.555555555555557,0.0,0.0,0.0,6.671185274756434e-29
1.0,15.555555555555557,0.0,0.0,0.0,1.951525176804936e-28
1.0,15.555555555555557,0.0,0.0,0.0,5.708806394741622e-28
1.0,15.555555555555557,0.0,0.0,0.0,1.670000000000007e-27
1.0,17.77777777777778,24.899121233243804,24.899121233243804,0.0,9.10999999999999e-31
1.0,17.77777777777778,1103123373555334.1,1103123373555334.1,0.0,2.6649528724626883e-30
1.0,17.77777777777778,6.6191061410044e+131,6.6191061410044e+131,0.0,7.795800013663226e-30
1.0,17.77777777777778,0.0,0.0,0.0,2.2805092908404498e-29
1.0,17.77777777777778,0.0,0.0,0.0,6.671185274756434e-29
1.0,17.77777777777778,0.0,0.0,0.0,1.951525176804936e-28
1.0,17.77777777777778,0.0,0.0,0.0,5.708806394741622e-28
1.0,17.77777777777778,0.0,0.0,0.0,1.670000000000007e-27
1.0,20.0,22.714279106780598,22.714279106780598,0.0,9.10999999999999e-31
1.0,20.0,1006326767978266.1,1006326767978266.1,0.0,2.6649528724626883e-30
1.0,20.0,6.038294400665174e+131,6.038294400665174e+131,0.0,7.795800013663226e-30
1.0,20.0,0.0,0.0,0.0,2.2805092908404498e-29
1.0,20.0,0.0,0.0,0.0,6.671185274756434e-29
1.0,20.0,0.0,0.0,0.0,1.951525176804936e-28
1.0,20.0,0.0,0.0,0.0,5.708806394741622e-28
1.0,20.0,0.0,0.0,0.0,1.670000000000007e-27
